{"loss": 0.17194825410842896, "_timestamp": 1691745007.876043, "_runtime": 2128.6900341510773, "_step": 399, "benign_accuracy": 0.9174, "_wandb": {"runtime": 2128}}