{"benign_accuracy": 0.8948, "_timestamp": 1691742868.459742, "_runtime": 54.313151121139526, "_step": 9}