{"benign_accuracy": 0.1, "_timestamp": 1691742664.935492, "_runtime": 49.566126108169556, "_step": 7}