{"benign_accuracy": 0.1, "_timestamp": 1691742793.8179278, "_runtime": 118.07474684715271, "_step": 19}